{
  "5": {
    "average": 0.19326821998984087,
    "min": 0.11752549998345785,
    "max": 0.35062129999278113,
    "count": 10
  },
  "6": {
    "average": 0.1337492700025905,
    "min": 0.11873170000035316,
    "max": 0.1581651000014972,
    "count": 10
  },
  "7": {
    "average": 0.17059664000116753,
    "min": 0.12515810001059435,
    "max": 0.3508636999758892,
    "count": 10
  },
  "8": {
    "average": 0.14732323999633082,
    "min": 0.1272039000177756,
    "max": 0.21920019999379292,
    "count": 10
  },
  "9": {
    "average": 0.15851034999650437,
    "min": 0.12050290001207031,
    "max": 0.23795839998638257,
    "count": 10
  },
  "10": {
    "average": 0.19493198000127449,
    "min": 0.13416810001945123,
    "max": 0.43486330000450835,
    "count": 10
  },
  "11": {
    "average": 0.19208559999533464,
    "min": 0.16153480001958087,
    "max": 0.2759107999736443,
    "count": 10
  },
  "12": {
    "average": 0.1896861399989575,
    "min": 0.15914730000076815,
    "max": 0.2752226000011433,
    "count": 10
  },
  "13": {
    "average": 0.21820498000306543,
    "min": 0.1919151000038255,
    "max": 0.24034170000231825,
    "count": 10
  },
  "14": {
    "average": 0.2930576399987331,
    "min": 0.2572963999991771,
    "max": 0.3509030999848619,
    "count": 10
  },
  "15": {
    "average": 0.4342638999951305,
    "min": 0.33593780000228435,
    "max": 0.6631567000003997,
    "count": 10
  },
  "16": {
    "average": 0.6405765700037591,
    "min": 0.5280257000122219,
    "max": 1.0181379999849014,
    "count": 10
  },
  "17": {
    "average": 1.107199729999411,
    "min": 0.9695214999956079,
    "max": 1.248727099999087,
    "count": 10
  },
  "18": {
    "average": 2.8141835199989145,
    "min": 2.2251770999864675,
    "max": 3.4804820000135805,
    "count": 10
  },
  "19": {
    "average": 5.2209846900019325,
    "min": 4.769316999998409,
    "max": 5.889603099989472,
    "count": 10
  },
  "20": {
    "average": 11.33273508999846,
    "min": 10.663730600004783,
    "max": 12.376742299995385,
    "count": 10
  },
  "21": {
    "average": 27.365386049996594,
    "min": 25.398531199985882,
    "max": 30.788709399988875,
    "count": 10
  },
  "22": {
    "average": 73.98771909000061,
    "min": 65.28963780001504,
    "max": 114.38138999999501,
    "count": 10
  },
  "23": {
    "average": 157.02617245999863,
    "min": 132.52907580000465,
    "max": 185.8569584999932,
    "count": 10
  },
  "24": {
    "average": 2622.371467439996,
    "min": 440.41379819999565,
    "max": 21044.520508799993,
    "count": 10
  }
}